W	noun-house	Haus
W	noun-water	Wasser
W	noun-time	Zeit
W	noun-day	Tag
W	noun-year	Jahr
W	noun-people	Leute
W	noun-woman	Frau
W	noun-child	Kind
W	noun-world	Welt
W	noun-life	Leben
W	noun-hand	Hand
W	noun-food	Essen
W	noun-money	Geld
W	noun-home	Zuhause
W	noun-school	Schule
W	noun-friend	Freund
W	noun-family	Familie
W	noun-city	Stadt
W	noun-job	Arbeit
W	noun-room	Zimmer
W	noun-car	Auto
W	noun-door	Tür
W	noun-table	Tisch
W	noun-book	Buch
W	noun-phone	Telefon
W	noun-street	Straße
W	noun-morning	Morgen
W	noun-night	Nacht
W	noun-week	Woche
W	noun-month	Monat
W	noun-country	Land
W	noun-language	Sprache
W	noun-question	Frage
W	noun-answer	Antwort
W	noun-idea	Idee
W	noun-problem	Problem
W	noun-place	Ort
W	noun-name	Name
W	noun-person	Person
W	noun-thing	Ding
W	adjective-important	wichtig
W	adjective-good	gut
W	adjective-bad	schlecht
W	adjective-new	neu
W	adjective-old	alt
W	adjective-happy	glücklich
W	adjective-sad	traurig
W	adjective-big	groß
W	adjective-small	klein
W	adjective-easy	einfach
W	adjective-difficult	schwierig
W	adjective-beautiful	schön
W	adjective-busy	beschäftigt
W	adjective-tired	müde
W	adjective-hungry	hungrig
W	adjective-full	voll
W	adjective-empty	leer
W	adjective-cheap	billig
W	adjective-expensive	teuer
W	adjective-ready	bereit
W	adjective-young	jung
W	adjective-strong	stark
W	adjective-weak	schwach
W	adjective-hot	heiß
W	adjective-cold	kalt
W	adjective-long	lang
W	adjective-short	kurz
W	adjective-true	wahr
W	adjective-false	falsch
W	adjective-possible	möglich
W	adjective-necessary	notwendig
W	adjective-alone	allein
W	adjective-heavy	schwer
W	adjective-light	leicht
W	adjective-clean	sauber
W	adjective-dirty	schmutzig
W	adjective-fast	schnell
W	adjective-slow	langsam
W	adjective-quiet	ruhig
W	adjective-loud	laut
W	connector-and	und
W	connector-but	aber
W	connector-or	oder
W	connector-because	weil
W	connector-so	also
W	connector-however	jedoch
W	connector-therefore	deshalb
W	connector-although	obwohl
W	connector-for-that	deshalb
W	connector-moreover	außerdem
W	connector-nevertheless	nichtsdestotrotz
W	connector-unless	es sei denn
W	connector-while	während
W	connector-since	da
W	connector-if	wenn
W	connector-though	obwohl
W	connector-meanwhile	inzwischen
W	connector-otherwise	sonst
W	connector-besides	außerdem
W	connector-even-though	obwohl
W	connector-yet	doch
W	connector-thus	somit
W	connector-instead	stattdessen
W	connector-whereas	wohingegen
W	connector-whether	ob
W	connector-even-if	auch wenn
W	connector-so-that	damit
W	connector-as-soon-as	sobald
W	connector-in-order-to	um zu
W	connector-finally	schließlich
W	pronoun-i	ich
W	pronoun-you	du
W	pronoun-he	er
W	pronoun-she	sie
W	pronoun-it	es
W	pronoun-we	wir
W	pronoun-they	sie
W	pronoun-me	mich
W	pronoun-him	ihn
W	pronoun-her	sie
W	pronoun-us	uns
W	pronoun-them	sie
W	pronoun-my	mein
W	pronoun-your	dein
W	pronoun-his	sein
W	pronoun-this	dieser
W	pronoun-that	jener
W	pronoun-who	wer
W	pronoun-what	was
W	pronoun-someone	jemand
W	pronoun-mine	meiner
W	pronoun-yours	deiner
W	pronoun-ours	unserer
W	pronoun-theirs	ihrer
W	pronoun-myself	mich selbst
W	pronoun-everyone	jeder
W	pronoun-nobody	niemand
W	pronoun-which	welcher
W	pronoun-whose	wessen
W	pronoun-anything	irgendetwas
W	preposition-in	in
W	preposition-on	auf
W	preposition-at	an
W	preposition-to	zu
W	preposition-for	für
W	preposition-of	von
W	preposition-with	mit
W	preposition-from	von
W	preposition-by	durch
W	preposition-about	über
W	preposition-into	in
W	preposition-through	durch
W	preposition-after	nach
W	preposition-before	vor
W	preposition-between	zwischen
W	preposition-under	unter
W	preposition-over	über
W	preposition-without	ohne
W	preposition-during	während
W	preposition-against	gegen
W	preposition-among	unter
W	preposition-until	bis
W	preposition-toward	zu
W	preposition-across	über
W	preposition-around	um
W	preposition-behind	hinter
W	preposition-beside	neben
W	preposition-except	außer
W	preposition-inside	innerhalb
W	preposition-near	nahe
W	adverb-very	sehr
W	adverb-always	immer
W	adverb-never	nie
W	adverb-often	oft
W	adverb-sometimes	manchmal
W	adverb-already	bereits
W	adverb-also	auch
W	adverb-just	gerade
W	adverb-still	noch
W	adverb-even	sogar
W	adverb-really	wirklich
W	adverb-well	gut
W	adverb-too	zu
W	adverb-here	hier
W	adverb-there	dort
W	adverb-now	jetzt
W	adverb-then	dann
W	adverb-today	heute
W	adverb-quickly	schnell
W	adverb-slowly	langsam
W	adverb-yesterday	gestern
W	adverb-tomorrow	Morgen
W	adverb-almost	fast
W	adverb-enough	genug
W	adverb-quite	ziemlich
W	adverb-maybe	vielleicht
W	adverb-together	zusammen
W	adverb-again	wieder
W	adverb-away	weg
W	adverb-hard	hart
W	noun-man	Mann
W	noun-boy	Junge
W	noun-girl	Mädchen
W	noun-mother	Mutter
W	noun-father	Vater
W	noun-brother	Bruder
W	noun-sister	Schwester
W	noun-baby	Baby
W	noun-student	Student
W	noun-teacher	Lehrer
W	noun-doctor	Arzt
W	noun-hospital	Krankenhaus
W	noun-office	Büro
W	noun-shop	Laden
W	noun-market	Markt
W	noun-restaurant	Restaurant
W	noun-hotel	Hotel
W	noun-airport	Flughafen
W	noun-station	Bahnhof
W	noun-train	Zug
W	noun-bus	Bus
W	noun-plane	Flugzeug
W	noun-bike	Fahrrad
W	noun-boat	Boot
W	noun-road	Straße
W	noun-park	Park
W	noun-garden	Garten
W	noun-tree	Baum
W	noun-flower	Blume
W	noun-animal	Tier
W	noun-dog	Hund
W	noun-cat	Katze
W	noun-bird	Vogel
W	noun-fish	Fisch
W	noun-horse	Pferd
W	noun-sun	Sonne
W	noun-moon	Mond
W	noun-rain	Regen
W	noun-wind	Wind
W	noun-snow	Schnee
W	noun-fire	Feuer
W	noun-earth	Erde
W	noun-sea	Meer
W	noun-river	Fluss
W	noun-mountain	Berg
W	noun-forest	Wald
W	noun-island	Insel
W	noun-weather	Zeit
W	noun-air	Luft
W	noun-sky	Himmel
W	noun-floor	Boden
W	noun-wall	Wand
W	noun-window	Fenster
W	noun-kitchen	Küche
W	noun-bathroom	Badezimmer
W	noun-bed	Bett
W	noun-chair	Stuhl
W	noun-lamp	Lampe
W	noun-clock	Uhr
W	noun-picture	Bild
W	noun-key	Schlüssel
W	noun-bag	Tasche
W	noun-box	Kasten
W	noun-paper	Papier
W	noun-pen	Kugelschreiber
W	noun-letter	Brief
W	noun-computer	Computer
W	noun-internet	Internet
W	noun-camera	Kamera
W	noun-music	Musik
W	noun-song	Lied
W	noun-film	Film
W	noun-game	Spiel
W	noun-sport	Sport
W	noun-ball	Ball
W	noun-team	Team
W	noun-player	Spieler
W	noun-ticket	Ticket
W	noun-trip	Reise
W	noun-holiday	Urlaub
W	noun-party	Party
W	noun-gift	Geschenk
W	noun-birthday	Geburtstag
W	noun-health	Gesundheit
W	noun-body	Körper
W	noun-head	Kopf
W	noun-face	Gesicht
W	noun-eye	Auge
W	noun-ear	Ohr
W	noun-mouth	Mund
W	noun-nose	Nase
W	noun-hair	Haar
W	noun-arm	Arm
W	noun-leg	Bein
W	noun-foot	Fuß
W	noun-finger	Finger
W	noun-heart	Herz
W	noun-blood	Blut
W	noun-pain	Schmerz
W	noun-medicine	Medizin
W	noun-law	Gesetz
W	noun-government	Regierung
W	noun-police	Polizei
W	noun-war	Krieg
W	noun-peace	Frieden
W	noun-news	Nachrichten
W	noun-story	Geschichte
W	noun-word	Wort
W	noun-number	Zahl
W	noun-color	Farbe
W	noun-size	Größe
W	noun-price	Preis
W	noun-bank	Bank
W	noun-card	Karte
W	noun-company	Firma
W	noun-business	Geschäft
W	noun-product	Produkt
W	noun-customer	Kunde
W	noun-service	Dienst
W	noun-meeting	Besprechung
W	noun-plan	Plan
W	noun-project	Projekt
W	noun-result	Ergebnis
W	noun-reason	Grund
W	noun-fact	Tatsache
W	noun-information	Information
W	noun-example	Beispiel
W	noun-difference	Unterschied
W	noun-group	Gruppe
W	noun-member	Mitglied
W	noun-art	Kunst
W	noun-photo	Foto
W	noun-sound	Ton
W	noun-voice	Stimme
W	noun-dream	Traum
W	noun-fear	Angst
W	noun-science	Wissenschaft
W	noun-history	Geschichte
W	noun-class	Klasse
W	noun-lesson	Stunde
W	noun-homework	Hausaufgabe
W	noun-test	Prüfung
W	noun-university	Universität
W	noun-library	Bibliothek
W	noun-museum	Museum
W	noun-cinema	Kino
W	noun-beach	Strand
W	noun-village	Dorf
W	noun-bridge	Brücke
W	noun-building	Gebäude
W	noun-farm	Bauernhof
W	noun-field	Feld
W	noun-future	Zukunft
W	noun-age	Alter
W	noun-neighbor	Nachbar
W	noun-guest	Gast
W	noun-boss	Chef
W	noun-worker	Arbeiter
W	noun-artist	Künstler
W	noun-writer	Schriftsteller
W	adjective-rich	reich
W	adjective-poor	arm
W	adjective-simple	einfach
W	adjective-first	erst
W	adjective-last	letzt
W	adjective-same	gleich
W	adjective-other	ander
W	adjective-only	einzig
W	adjective-high	hoch
W	adjective-low	niedrig
W	adjective-black	schwarz
W	adjective-white	weiß
W	adjective-red	rot
W	adjective-green	grün
W	adjective-blue	blau
W	adjective-open	offen
W	adjective-closed	geschlossen
W	adjective-free	frei
W	adjective-sure	sicher
W	adjective-right	richtig
W	adjective-wrong	falsch
W	adjective-early	früh
W	adjective-late	spät
W	adjective-near	nahe
W	adjective-far	weit
W	adjective-left	link
W	adjective-next	nächst
W	adjective-main	haupt
W	adjective-real	echt
W	adjective-clear	klar
W	adjective-dark	dunkel
W	adjective-bright	hell
W	adjective-soft	weich
W	adjective-hard	hart
W	adjective-warm	warm
W	adjective-cool	kühl
W	adjective-dry	trocken
W	adjective-wet	nass
W	adjective-safe	sicher
W	adjective-dangerous	gefährlich
W	adjective-kind	freundlich
W	adjective-nice	nett
W	adjective-friendly	freundlich
W	adjective-polite	höflich
W	adjective-rude	unhöflich
W	adjective-clever	klug
W	adjective-funny	lustig
W	adjective-serious	ernst
W	adjective-famous	berühmt
W	adjective-popular	beliebt
W	adjective-special	besonders
W	adjective-normal	normal
W	adjective-strange	seltsam
W	adjective-usual	üblich
W	adjective-useful	nützlich
W	adjective-useless	nutzlos
W	adjective-impossible	unmöglich
W	adjective-available	verfügbar
W	adjective-public	öffentlich
W	adjective-private	privat
W	adjective-local	örtlich
W	adjective-national	national
W	adjective-international	international
W	adjective-personal	persönlich
W	adjective-social	sozial
W	adjective-political	politisch
W	adjective-economic	wirtschaftlich
W	adjective-natural	natürlich
W	adjective-common	üblich
W	adjective-general	allgemein
W	adjective-certain	bestimmt
W	adjective-whole	ganz
W	adjective-complete	vollständig
W	adjective-final	endgültig
W	adjective-recent	kürzlich
W	adjective-modern	modern
W	adjective-ancient	antik
W	adjective-wide	breit
W	adjective-narrow	eng
W	adjective-deep	tief
W	adjective-thick	dick
W	adjective-thin	dünn
W	adjective-round	rund
W	adjective-flat	flach
W	adjective-sharp	scharf
W	adjective-smooth	glatt
W	adjective-rough	rau
W	adjective-sweet	süß
W	adjective-bitter	bitter
W	adjective-salty	salzig
W	adjective-fresh	frisch
W	adjective-raw	roh
W	adjective-healthy	gesund
W	adjective-sick	krank
W	adjective-dead	tot
W	adjective-alive	lebendig
W	adjective-asleep	schlafend
W	adjective-awake	wach
W	adjective-angry	wütend
W	adjective-afraid	ängstlich
W	adjective-surprised	überrascht
W	adjective-bored	gelangweilt
W	adjective-interested	interessiert
W	adjective-excited	aufgeregt
W	adjective-proud	stolz
W	adjective-lonely	einsam
W	adjective-lucky	glücklich
W	adjective-honest	ehrlich
W	adjective-brave	mutig
W	adjective-careful	vorsichtig
W	adverb-soon	bald
W	adverb-late	spät
W	adverb-early	früh
W	adverb-long	lang
W	adverb-once	einmal
W	adverb-twice	zweimal
W	adverb-ever	jemals
W	adverb-yet	doch
W	adverb-ago	vor
W	adverb-recently	kürzlich
W	adverb-suddenly	plötzlich
W	adverb-immediately	sofort
W	adverb-finally	schließlich
W	adverb-usually	gewöhnlich
W	adverb-normally	normalerweise
W	adverb-generally	allgemein
W	adverb-especially	besonders
W	adverb-probably	wahrscheinlich
W	adverb-perhaps	vielleicht
W	adverb-certainly	gewiss
W	adverb-clearly	klar
W	adverb-simply	einfach
W	adverb-exactly	genau
W	adverb-completely	vollständig
W	adverb-nearly	fast
W	adverb-hardly	kaum
W	adverb-rather	eher
W	adverb-pretty	ziemlich
W	adverb-fairly	ziemlich
W	adverb-extremely	äußerst
W	adverb-highly	hoch
W	adverb-deeply	tief
W	adverb-widely	weit
W	adverb-badly	schlecht
W	adverb-carefully	sorgfältig
W	adverb-easily	leicht
W	adverb-happily	glücklich
W	adverb-quietly	leise
W	adverb-loudly	laut
W	adverb-abroad	im Ausland
W	adverb-outside	draußen
W	adverb-inside	innerhalb
W	adverb-upstairs	oben
W	adverb-downstairs	unten
W	adverb-everywhere	überall
W	adverb-somewhere	irgendwo
W	adverb-nowhere	nirgendwo
W	adverb-anyway	jedenfalls
W	adverb-however	jedoch
W	adverb-forward	vorwärts
W	connector-after	nach
W	connector-before	vor
W	connector-until	bis
W	connector-when	wenn
W	connector-once	einmal
W	connector-as	als
W	connector-as-if	als ob
W	connector-provided-that	vorausgesetzt dass
W	connector-as-long-as	solange
W	connector-in-case	falls
W	connector-despite	trotz
W	connector-in-spite-of	trotz
W	connector-due-to	aufgrund
W	connector-owing-to	wegen
W	connector-because-of	wegen
W	connector-as-a-result	als Ergebnis
W	connector-for-example	zum Beispiel
W	connector-in-fact	tatsächlich
W	connector-on-the-other-hand	andererseits
W	connector-at-least	zumindest
W	preposition-above	über
W	preposition-below	unter
W	preposition-beneath	unter
W	preposition-beyond	jenseits
W	preposition-despite	trotz
W	preposition-along	entlang
W	preposition-onto	auf
W	preposition-upon	auf
W	preposition-within	innerhalb
W	preposition-throughout	durchgehend
W	preposition-off	von
W	preposition-past	vorbei an
W	preposition-since	da
W	preposition-unlike	im Gegensatz zu
W	preposition-via	über
W	preposition-concerning	betreffend
W	preposition-regarding	bezüglich
W	preposition-including	einschließlich
W	preposition-plus	plus
W	preposition-amid	inmitten
W	pronoun-its	sein
W	pronoun-our	unser
W	pronoun-their	ihr
W	pronoun-hers	ihrer
W	pronoun-these	diese
W	pronoun-those	jene
W	pronoun-whom	wen
W	pronoun-nothing	nichts
W	pronoun-yourself	dich selbst
W	pronoun-itself	sich selbst
W	noun-wife	Ehefrau
W	noun-husband	Ehemann
W	noun-son	Sohn
W	noun-daughter	Tochter
W	noun-uncle	Onkel
W	noun-aunt	Tante
W	noun-cousin	Cousin
W	noun-parent	Elternteil
W	noun-couple	Paar
W	noun-king	König
W	noun-queen	Königin
W	noun-soldier	Soldat
W	noun-nurse	Pfleger
W	noun-engineer	Ingenieur
W	noun-lawyer	Anwalt
W	noun-cook	Koch
W	noun-waiter	Kellner
W	noun-driver	Fahrer
W	noun-farmer	Landwirt
W	noun-scientist	Wissenschaftler
W	noun-journalist	Journalist
W	noun-actor	Schauspieler
W	noun-singer	Sänger
W	noun-manager	Manager
W	noun-owner	Besitzer
W	noun-partner	Partner
W	noun-stranger	Fremder
W	noun-audience	Publikum
W	noun-crowd	Menge
W	noun-citizen	Bürger
W	noun-patient	Patient
W	noun-tourist	Tourist
W	noun-passenger	Fahrgast
W	noun-staff	Personal
W	noun-town	Kleinstadt
W	noun-capital	Hauptstadt
W	noun-church	Kirche
W	noun-castle	Schloss
W	noun-factory	Fabrik
W	noun-supermarket	Supermarkt
W	noun-pharmacy	Apotheke
W	noun-bakery	Bäckerei
W	noun-cafe	Café
W	noun-bar	Bar
W	noun-stadium	Stadion
W	noun-theatre	Theater
W	noun-gym	Fitnessstudio
W	noun-pool	Schwimmbad
W	noun-lake	See
W	noun-ocean	Ozean
W	noun-desert	Wüste
W	noun-valley	Tal
W	noun-hill	Hügel
W	noun-coast	Küste
W	noun-path	Weg
W	noun-corner	Ecke
W	noun-address	Adresse
W	noun-area	Gebiet
W	noun-region	Region
W	noun-district	Bezirk
W	noun-ceiling	Decke
W	noun-roof	Dach
W	noun-stairs	Treppe
W	noun-garage	Garage
W	noun-bedroom	Schlafzimmer
W	noun-apartment	Wohnung
W	noun-hour	Stunde
W	noun-minute	Minute
W	noun-second	Sekunde
W	noun-afternoon	Nachmittag
W	noun-evening	Abend
W	noun-season	Jahreszeit
W	noun-spring	Frühling
W	noun-summer	Sommer
W	noun-autumn	Herbst
W	noun-winter	Winter
W	noun-century	Jahrhundert
W	noun-moment	Moment
W	noun-date	Datum
W	noun-past	vorbei an
W	noun-present	Gegenwart
W	noun-bread	Brot
W	noun-milk	Milch
W	noun-cheese	Käse
W	noun-meat	Fleisch
W	noun-egg	Ei
W	noun-fruit	Obst
W	noun-apple	Apfel
W	noun-orange	Orange
W	noun-banana	Banane
W	noun-vegetable	Gemüse
W	noun-potato	Kartoffel
W	noun-tomato	Tomate
W	noun-rice	Reis
W	noun-sugar	Zucker
W	noun-salt	Salz
W	noun-oil	Öl
W	noun-coffee	Kaffee
W	noun-tea	Tee
W	noun-wine	Wein
W	noun-beer	Bier
W	noun-juice	Saft
W	noun-breakfast	Frühstück
W	noun-lunch	Mittagessen
W	noun-dinner	Abendessen
W	noun-meal	Essen
W	noun-butter	Butter
W	noun-soup	Suppe
W	noun-chicken	Huhn
W	noun-salad	Salat
W	noun-chocolate	Schokolade
W	noun-clothes	Kleidung
W	noun-shirt	Hemd
W	noun-dress	Kleid
W	noun-trousers	Hose
W	noun-shoes	Schuhe
W	noun-coat	Mantel
W	noun-hat	Hut
W	noun-bottle	Flasche
W	noun-cup	Tasse
W	noun-glass	Glas
W	noun-plate	Teller
W	noun-knife	Messer
W	noun-fork	Gabel
W	noun-spoon	Löffel
W	noun-fridge	Kühlschrank
W	noun-oven	Ofen
W	noun-screen	Bildschirm
W	noun-message	Nachricht
W	noun-email	E-Mail
W	noun-website	Website
W	noun-password	Passwort
W	noun-data	Daten
W	noun-file	Datei
W	noun-tool	Werkzeug
W	noun-machine	Maschine
W	noun-engine	Motor
W	noun-wheel	Rad
W	noun-battery	Batterie
W	noun-success	Erfolg
W	noun-failure	Misserfolg
W	noun-chance	Chance
W	noun-choice	Wahl
W	noun-decision	Entscheidung
W	noun-opinion	Meinung
W	noun-advice	Rat
W	noun-knowledge	Wissen
W	noun-skill	Fähigkeit
W	noun-experience	Erfahrung
W	noun-memory	Gedächtnis
W	noun-thought	Gedanke
W	noun-feeling	Gefühl
W	noun-hope	Hoffnung
W	noun-love	Liebe
W	noun-truth	Wahrheit
W	noun-mistake	Fehler
W	noun-accident	Unfall
W	noun-danger	Gefahr
W	noun-risk	Risiko
W	noun-power	Macht
W	noun-change	Änderung
W	noun-effect	Wirkung
W	noun-purpose	Zweck
W	noun-goal	Ziel
W	noun-value	Wert
W	noun-quality	Qualität
W	noun-amount	Menge
W	noun-speed	Geschwindigkeit
W	noun-weight	Gewicht
W	noun-height	Höhe
W	noun-distance	Entfernung
W	noun-direction	Richtung
W	noun-side	Seite
W	noun-beginning	Anfang
W	noun-end	Ende
W	noun-method	Methode
W	noun-system	System
W	noun-process	Prozess
W	noun-rule	Regel
W	noun-role	Rolle
W	noun-crime	Verbrechen
W	noun-tax	Steuer
W	noun-salary	Gehalt
W	noun-cost	Kosten
W	noun-bill	Rechnung
W	noun-report	Bericht
W	noun-list	Liste
W	noun-note	Notiz
W	noun-page	Seite
W	noun-title	Titel
W	noun-author	Autor
W	noun-newspaper	Zeitung
W	noun-magazine	Zeitschrift
W	noun-radio	Radio
W	noun-television	Fernsehen
W	noun-energy	Energie
W	noun-environment	Umwelt
W	noun-society	Gesellschaft
W	noun-culture	Kultur
W	noun-religion	Religion
W	adjective-yellow	gelb
W	adjective-brown	braun
W	adjective-grey	grau
W	adjective-pink	rosa
W	adjective-purple	lila
W	adjective-orange	Orange
W	adjective-huge	riesig
W	adjective-tiny	winzig
W	adjective-tall	groß
W	adjective-pretty	ziemlich
W	adjective-ugly	hässlich
W	adjective-smart	schlau
W	adjective-lazy	faul
W	adjective-nervous	nervös
W	adjective-worried	besorgt
W	adjective-confused	verwirrt
W	adjective-disappointed	enttäuscht
W	adjective-jealous	eifersüchtig
W	adjective-shy	schüchtern
W	adjective-confident	selbstbewusst
W	adjective-patient	Patient
W	adjective-generous	großzügig
W	adjective-selfish	egoistisch
W	adjective-cruel	grausam
W	adjective-gentle	sanft
W	adjective-wild	wild
W	adjective-crowded	überfüllt
W	adjective-comfortable	bequem
W	adjective-convenient	praktisch
W	adjective-official	offiziell
